CK+,num1,JAFFE,num2,KDEF,num3,Radf,num4,FER,num5,raf_db,num6,lambda1,beta,mu,maxiter
0.7895,211,0.5117,145,0.7061,178,0.7264,241,0.7258,23,0.6425,187,100,0.001000,1.010000,5
0.7895,211,0.5117,145,0.7061,178,0.7264,241,0.7258,23,0.6425,187,100,0.001000,1.010000,10
0.7895,211,0.5117,145,0.7061,178,0.7264,241,0.7258,23,0.6425,187,100,0.001000,1.010000,15
0.7895,211,0.5117,145,0.7061,178,0.7264,241,0.7258,23,0.6425,187,100,0.001000,1.010000,20
0.7895,211,0.5117,145,0.7061,178,0.7264,241,0.7258,23,0.6425,187,100,0.001000,1.030000,5
0.7895,211,0.5117,145,0.7061,178,0.7264,241,0.7258,23,0.6425,187,100,0.001000,1.030000,10
0.7895,211,0.5117,145,0.7061,178,0.7264,241,0.7258,23,0.6425,187,100,0.001000,1.030000,15
0.7895,211,0.5117,145,0.7061,178,0.7264,241,0.7258,23,0.6425,187,100,0.001000,1.030000,20
0.7895,211,0.5117,145,0.7061,178,0.7264,241,0.7258,23,0.6425,187,100,0.001000,1.050000,5
0.7895,211,0.5117,145,0.7061,178,0.7264,241,0.7258,23,0.6425,187,100,0.001000,1.050000,10
0.7895,211,0.5117,145,0.7061,178,0.7264,241,0.7258,23,0.6425,187,100,0.001000,1.050000,15
0.7895,211,0.5117,145,0.7061,178,0.7264,241,0.7258,23,0.6425,187,100,0.001000,1.050000,20
0.7895,211,0.5117,145,0.7061,178,0.7264,241,0.7258,23,0.6425,187,100,0.001000,1.070000,5
0.7895,211,0.5117,145,0.7061,178,0.7264,241,0.7258,23,0.6425,187,100,0.001000,1.070000,10
0.7895,211,0.5117,145,0.7061,178,0.7264,241,0.7258,23,0.6425,187,100,0.001000,1.070000,15
0.7895,211,0.5117,145,0.7061,178,0.7264,241,0.7258,23,0.6425,187,100,0.001000,1.070000,20
0.7895,211,0.5117,145,0.7061,178,0.7264,241,0.7258,23,0.6425,187,100,0.001000,2.000000,5
0.7895,211,0.5117,145,0.7061,178,0.7264,241,0.7258,23,0.6425,187,100,0.001000,2.000000,10
0.7895,211,0.5117,145,0.7061,178,0.7264,241,0.7258,23,0.6425,187,100,0.001000,2.000000,15
0.7895,211,0.5117,145,0.7061,178,0.7264,241,0.7258,23,0.6425,187,100,0.001000,2.000000,20
0.7895,211,0.5117,145,0.7061,178,0.7264,241,0.7258,23,0.6425,187,100,0.010000,1.010000,5
0.7895,211,0.5117,145,0.7061,178,0.7264,241,0.7258,23,0.6425,187,100,0.010000,1.010000,10
0.7895,211,0.5117,145,0.7061,178,0.7264,241,0.7258,23,0.6425,187,100,0.010000,1.010000,15
0.7895,211,0.5117,145,0.7061,178,0.7264,241,0.7258,23,0.6425,187,100,0.010000,1.010000,20
0.7895,211,0.5117,145,0.7061,178,0.7264,241,0.7258,23,0.6425,187,100,0.010000,1.030000,5
0.7895,211,0.5117,145,0.7061,178,0.7264,241,0.7258,23,0.6425,187,100,0.010000,1.030000,10
0.7895,211,0.5117,145,0.7061,178,0.7264,241,0.7258,23,0.6425,187,100,0.010000,1.030000,15
0.7895,211,0.5117,145,0.7061,178,0.7264,241,0.7258,23,0.6425,187,100,0.010000,1.030000,20
0.7895,211,0.5117,145,0.7061,178,0.7264,241,0.7258,23,0.6425,187,100,0.010000,1.050000,5
0.7895,211,0.5117,145,0.7061,178,0.7264,241,0.7258,23,0.6425,187,100,0.010000,1.050000,10
0.7895,211,0.5117,145,0.7061,178,0.7264,241,0.7258,23,0.6425,187,100,0.010000,1.050000,15
0.7895,211,0.5117,145,0.7061,178,0.7264,241,0.7258,23,0.6425,187,100,0.010000,1.050000,20
0.7895,211,0.5117,145,0.7061,178,0.7264,241,0.7258,23,0.6425,187,100,0.010000,1.070000,5
0.7895,211,0.5117,145,0.7061,178,0.7264,241,0.7258,23,0.6425,187,100,0.010000,1.070000,10
0.7895,211,0.5117,145,0.7061,178,0.7264,241,0.7258,23,0.6425,187,100,0.010000,1.070000,15
0.7895,211,0.5117,145,0.7061,178,0.7264,241,0.7258,23,0.6425,187,100,0.010000,1.070000,20
0.7895,211,0.5117,145,0.7061,178,0.7264,241,0.7258,23,0.6425,187,100,0.010000,2.000000,5
0.7895,211,0.5117,145,0.7061,178,0.7264,241,0.7258,23,0.6425,187,100,0.010000,2.000000,10
0.7895,211,0.5117,145,0.7061,178,0.7264,241,0.7258,23,0.6425,187,100,0.010000,2.000000,15
0.7895,211,0.5117,145,0.7061,178,0.7264,241,0.7258,23,0.6425,187,100,0.010000,2.000000,20
0.7895,211,0.5117,145,0.7061,178,0.7264,241,0.7258,23,0.6425,187,100,0.100000,1.010000,5
0.7895,211,0.5117,145,0.7061,178,0.7264,241,0.7258,23,0.6425,187,100,0.100000,1.010000,10
0.7895,211,0.5117,145,0.7061,178,0.7264,241,0.7258,23,0.6425,187,100,0.100000,1.010000,15
0.7895,211,0.5117,145,0.7061,178,0.7264,241,0.7258,23,0.6425,187,100,0.100000,1.010000,20
0.7895,211,0.5117,145,0.7061,178,0.7264,241,0.7258,23,0.6425,187,100,0.100000,1.030000,5
0.7895,211,0.5117,145,0.7061,178,0.7264,241,0.7258,23,0.6425,187,100,0.100000,1.030000,10
0.7895,211,0.5117,145,0.7061,178,0.7264,241,0.7258,23,0.6425,187,100,0.100000,1.030000,15
0.7895,211,0.5117,145,0.7061,178,0.7264,241,0.7258,23,0.6425,187,100,0.100000,1.030000,20
0.7895,211,0.5117,145,0.7061,178,0.7264,241,0.7258,23,0.6425,187,100,0.100000,1.050000,5
0.7895,211,0.5117,145,0.7061,178,0.7264,241,0.7258,23,0.6425,187,100,0.100000,1.050000,10
0.7895,211,0.5117,145,0.7061,178,0.7264,241,0.7258,23,0.6425,187,100,0.100000,1.050000,15
0.7895,211,0.5117,145,0.7061,178,0.7264,241,0.7258,23,0.6425,187,100,0.100000,1.050000,20
0.7895,211,0.5117,145,0.7061,178,0.7264,241,0.7258,23,0.6425,187,100,0.100000,1.070000,5
0.7895,211,0.5117,145,0.7061,178,0.7264,241,0.7258,23,0.6425,187,100,0.100000,1.070000,10
0.7895,211,0.5117,145,0.7061,178,0.7264,241,0.7258,23,0.6425,187,100,0.100000,1.070000,15
0.7895,211,0.5117,145,0.7061,178,0.7264,241,0.7258,23,0.6425,187,100,0.100000,1.070000,20
0.7895,211,0.5117,145,0.7061,178,0.7264,241,0.7258,23,0.6425,187,100,0.100000,2.000000,5
0.7895,211,0.5117,145,0.7061,178,0.7264,241,0.7258,23,0.6425,187,100,0.100000,2.000000,10
0.7895,211,0.5117,145,0.7061,178,0.7264,241,0.7258,23,0.6425,187,100,0.100000,2.000000,15
0.7895,211,0.5117,145,0.7061,178,0.7264,241,0.7258,23,0.6425,187,100,0.100000,2.000000,20
0.7855,87,0.5211,8,0.7122,45,0.7299,93,0.7256,14,0.6378,176,100,1.000000,1.010000,5
0.7895,211,0.5117,145,0.7061,178,0.7264,241,0.7258,23,0.6425,187,100,1.000000,1.010000,10
0.7895,211,0.5117,145,0.7061,178,0.7264,241,0.7258,23,0.6425,187,100,1.000000,1.010000,15
0.7895,211,0.5117,145,0.7061,178,0.7264,241,0.7258,23,0.6425,187,100,1.000000,1.010000,20
0.7816,19,0.5399,2,0.7388,11,0.7512,37,0.7267,18,0.6414,58,100,1.000000,1.030000,5
0.7895,211,0.5117,145,0.7061,178,0.7264,241,0.7258,23,0.6425,187,100,1.000000,1.030000,10
0.7895,211,0.5117,145,0.7061,178,0.7264,241,0.7258,23,0.6425,187,100,1.000000,1.030000,15
0.7895,211,0.5117,145,0.7061,178,0.7264,241,0.7258,23,0.6425,187,100,1.000000,1.030000,20
0.7855,41,0.5258,11,0.7041,41,0.7441,22,0.7194,89,0.6380,155,100,1.000000,1.050000,5
0.7895,211,0.5117,145,0.7061,178,0.7264,241,0.7258,23,0.6425,187,100,1.000000,1.050000,10
0.7895,211,0.5117,145,0.7061,178,0.7264,241,0.7258,23,0.6425,187,100,1.000000,1.050000,15
0.7895,211,0.5117,145,0.7061,178,0.7264,241,0.7258,23,0.6425,187,100,1.000000,1.050000,20
0.7842,87,0.5164,24,0.7082,102,0.7313,43,0.7214,14,0.6388,137,100,1.000000,1.070000,5
0.7895,211,0.5117,145,0.7061,178,0.7264,241,0.7258,23,0.6425,187,100,1.000000,1.070000,10
0.7895,211,0.5117,145,0.7061,178,0.7264,241,0.7258,23,0.6425,187,100,1.000000,1.070000,15
0.7895,211,0.5117,145,0.7061,178,0.7264,241,0.7258,23,0.6425,187,100,1.000000,1.070000,20
0.7914,25,0.5117,8,0.7184,17,0.7484,16,0.7200,91,0.6431,85,100,1.000000,2.000000,5
0.7895,211,0.5117,145,0.7061,178,0.7264,241,0.7258,23,0.6425,187,100,1.000000,2.000000,10
0.7895,211,0.5117,145,0.7061,178,0.7264,241,0.7258,23,0.6425,187,100,1.000000,2.000000,15
0.7895,211,0.5117,145,0.7061,178,0.7264,241,0.7258,23,0.6425,187,100,1.000000,2.000000,20
0.7763,116,0.5117,7,0.6918,70,0.7285,3,0.7219,30,0.6349,114,100,10.000000,1.010000,5
0.7895,211,0.5117,145,0.7061,178,0.7264,241,0.7258,23,0.6425,187,100,10.000000,1.010000,10
0.7895,211,0.5117,145,0.7061,178,0.7264,241,0.7258,23,0.6425,187,100,10.000000,1.010000,15
0.7895,211,0.5117,145,0.7061,178,0.7264,241,0.7258,23,0.6425,187,100,10.000000,1.010000,20
0.7783,58,0.5211,6,0.6980,72,0.7370,44,0.7205,70,0.6322,382,100,10.000000,1.030000,5
0.7895,211,0.5117,145,0.7061,178,0.7264,241,0.7258,23,0.6425,187,100,10.000000,1.030000,10
0.7895,211,0.5117,145,0.7061,178,0.7264,241,0.7258,23,0.6425,187,100,10.000000,1.030000,15
0.7895,211,0.5117,145,0.7061,178,0.7264,241,0.7258,23,0.6425,187,100,10.000000,1.030000,20
0.7829,16,0.5211,11,0.6980,38,0.7363,46,0.7197,27,0.6344,100,100,10.000000,1.050000,5
0.7895,211,0.5117,145,0.7061,178,0.7264,241,0.7258,23,0.6425,187,100,10.000000,1.050000,10
0.7895,211,0.5117,145,0.7061,178,0.7264,241,0.7258,23,0.6425,187,100,10.000000,1.050000,15
0.7895,211,0.5117,145,0.7061,178,0.7264,241,0.7258,23,0.6425,187,100,10.000000,1.050000,20
0.7783,21,0.5023,6,0.6898,37,0.7100,30,0.7186,28,0.6332,85,100,10.000000,1.070000,5
0.7895,211,0.5117,145,0.7061,178,0.7264,241,0.7258,23,0.6425,187,100,10.000000,1.070000,10
0.7895,211,0.5117,145,0.7061,178,0.7264,241,0.7258,23,0.6425,187,100,10.000000,1.070000,15
0.7895,211,0.5117,145,0.7061,178,0.7264,241,0.7258,23,0.6425,187,100,10.000000,1.070000,20
0.7789,71,0.5070,18,0.6959,10,0.7434,19,0.7180,12,0.6364,131,100,10.000000,2.000000,5
0.7895,211,0.5117,145,0.7061,178,0.7264,241,0.7258,23,0.6425,187,100,10.000000,2.000000,10
0.7895,211,0.5117,145,0.7061,178,0.7264,241,0.7258,23,0.6425,187,100,10.000000,2.000000,15
0.7895,211,0.5117,145,0.7061,178,0.7264,241,0.7258,23,0.6425,187,100,10.000000,2.000000,20
0.7671,229,0.5070,8,0.6918,17,0.7065,20,0.7035,18,0.6337,358,100,100.000000,1.010000,5
0.7888,191,0.5117,146,0.7061,180,0.7264,244,0.7256,27,0.6423,187,100,100.000000,1.010000,10
0.7895,211,0.5117,145,0.7061,178,0.7264,241,0.7258,23,0.6425,187,100,100.000000,1.010000,15
0.7895,211,0.5117,145,0.7061,178,0.7264,241,0.7258,23,0.6425,187,100,100.000000,1.010000,20
0.7664,67,0.4742,6,0.6898,69,0.6930,145,0.6994,55,0.6339,62,100,100.000000,1.030000,5
0.7895,211,0.5117,145,0.7061,178,0.7264,241,0.7258,23,0.6425,187,100,100.000000,1.030000,10
0.7895,211,0.5117,145,0.7061,178,0.7264,241,0.7258,23,0.6425,187,100,100.000000,1.030000,15
0.7895,211,0.5117,145,0.7061,178,0.7264,241,0.7258,23,0.6425,187,100,100.000000,1.030000,20
0.7691,164,0.4977,5,0.6816,11,0.7221,2,0.6969,67,0.6329,386,100,100.000000,1.050000,5
0.7895,211,0.5117,145,0.7061,178,0.7264,241,0.7258,23,0.6425,187,100,100.000000,1.050000,10
0.7895,211,0.5117,145,0.7061,178,0.7264,241,0.7258,23,0.6425,187,100,100.000000,1.050000,15
0.7895,211,0.5117,145,0.7061,178,0.7264,241,0.7258,23,0.6425,187,100,100.000000,1.050000,20
0.7796,3,0.4977,3,0.6918,3,0.7079,4,0.6985,109,0.6332,373,100,100.000000,1.070000,5
0.7895,211,0.5117,145,0.7061,178,0.7264,241,0.7258,23,0.6425,187,100,100.000000,1.070000,10
0.7895,211,0.5117,145,0.7061,178,0.7264,241,0.7258,23,0.6425,187,100,100.000000,1.070000,15
0.7895,211,0.5117,145,0.7061,178,0.7264,241,0.7258,23,0.6425,187,100,100.000000,1.070000,20
0.7678,175,0.4648,42,0.6796,222,0.7143,4,0.6946,179,0.6343,178,100,100.000000,2.000000,5
0.7895,211,0.5117,145,0.7061,178,0.7264,241,0.7258,23,0.6425,187,100,100.000000,2.000000,10
0.7895,211,0.5117,145,0.7061,178,0.7264,241,0.7258,23,0.6425,187,100,100.000000,2.000000,15
0.7895,211,0.5117,145,0.7061,178,0.7264,241,0.7258,23,0.6425,187,100,100.000000,2.000000,20
0.7632,297,0.4601,332,0.6755,238,0.7264,1,0.6810,344,0.6330,332,100,1000.000000,1.010000,5
0.7895,211,0.5164,2,0.7061,178,0.7264,241,0.7258,23,0.6425,187,100,1000.000000,1.010000,10
0.7895,211,0.5117,145,0.7061,178,0.7264,241,0.7258,23,0.6425,187,100,1000.000000,1.010000,15
0.7895,211,0.5117,145,0.7061,178,0.7264,241,0.7258,23,0.6425,187,100,1000.000000,1.010000,20
0.7750,1,0.4648,1,0.6816,53,0.6915,1,0.6799,307,0.6319,382,100,1000.000000,1.030000,5
0.7895,211,0.5117,145,0.7061,178,0.7299,4,0.7261,26,0.6425,187,100,1000.000000,1.030000,10
0.7895,211,0.5117,145,0.7061,178,0.7264,241,0.7258,23,0.6425,187,100,1000.000000,1.030000,15
0.7895,211,0.5117,145,0.7061,178,0.7264,241,0.7258,23,0.6425,187,100,1000.000000,1.030000,20
0.7750,1,0.4742,2,0.6898,17,0.7278,3,0.6793,329,0.6324,314,100,1000.000000,1.050000,5
0.7895,211,0.5117,145,0.7061,178,0.7264,241,0.7258,23,0.6425,187,100,1000.000000,1.050000,10
0.7895,211,0.5117,145,0.7061,178,0.7264,241,0.7258,23,0.6425,187,100,1000.000000,1.050000,15
0.7895,211,0.5117,145,0.7061,178,0.7264,241,0.7258,23,0.6425,187,100,1000.000000,1.050000,20
0.7645,287,0.4601,331,0.6796,39,0.6951,285,0.6821,202,0.6326,359,100,1000.000000,1.070000,5
0.7888,191,0.5117,47,0.7061,180,0.7264,244,0.7261,26,0.6423,187,100,1000.000000,1.070000,10
0.7895,211,0.5117,145,0.7061,178,0.7264,241,0.7258,23,0.6425,187,100,1000.000000,1.070000,15
0.7895,211,0.5117,145,0.7061,178,0.7264,241,0.7258,23,0.6425,187,100,1000.000000,1.070000,20
0.7638,239,0.4930,1,0.6714,50,0.6908,226,0.6824,225,0.6311,365,100,1000.000000,2.000000,5
0.7895,211,0.5117,145,0.7061,178,0.7299,4,0.7261,26,0.6425,187,100,1000.000000,2.000000,10
0.7895,211,0.5117,145,0.7061,178,0.7264,241,0.7258,23,0.6425,187,100,1000.000000,2.000000,15
0.7895,211,0.5117,145,0.7061,178,0.7264,241,0.7258,23,0.6425,187,100,1000.000000,2.000000,20
0.7895,211,0.5117,145,0.7061,178,0.7264,241,0.7258,23,0.6425,187,1000,0.001000,1.010000,5
0.7895,211,0.5117,145,0.7061,178,0.7264,241,0.7258,23,0.6425,187,1000,0.001000,1.010000,10
0.7895,211,0.5117,145,0.7061,178,0.7264,241,0.7258,23,0.6425,187,1000,0.001000,1.010000,15
0.7895,211,0.5117,145,0.7061,178,0.7264,241,0.7258,23,0.6425,187,1000,0.001000,1.010000,20
0.7895,211,0.5117,145,0.7061,178,0.7264,241,0.7258,23,0.6425,187,1000,0.001000,1.030000,5
0.7895,211,0.5117,145,0.7061,178,0.7264,241,0.7258,23,0.6425,187,1000,0.001000,1.030000,10
0.7895,211,0.5117,145,0.7061,178,0.7264,241,0.7258,23,0.6425,187,1000,0.001000,1.030000,15
0.7895,211,0.5117,145,0.7061,178,0.7264,241,0.7258,23,0.6425,187,1000,0.001000,1.030000,20
0.7895,211,0.5117,145,0.7061,178,0.7264,241,0.7258,23,0.6425,187,1000,0.001000,1.050000,5
0.7895,211,0.5117,145,0.7061,178,0.7264,241,0.7258,23,0.6425,187,1000,0.001000,1.050000,10
0.7895,211,0.5117,145,0.7061,178,0.7264,241,0.7258,23,0.6425,187,1000,0.001000,1.050000,15
0.7895,211,0.5117,145,0.7061,178,0.7264,241,0.7258,23,0.6425,187,1000,0.001000,1.050000,20
0.7895,211,0.5117,145,0.7061,178,0.7264,241,0.7258,23,0.6425,187,1000,0.001000,1.070000,5
0.7895,211,0.5117,145,0.7061,178,0.7264,241,0.7258,23,0.6425,187,1000,0.001000,1.070000,10
0.7895,211,0.5117,145,0.7061,178,0.7264,241,0.7258,23,0.6425,187,1000,0.001000,1.070000,15
0.7895,211,0.5117,145,0.7061,178,0.7264,241,0.7258,23,0.6425,187,1000,0.001000,1.070000,20
0.7895,211,0.5117,145,0.7061,178,0.7264,241,0.7258,23,0.6425,187,1000,0.001000,2.000000,5
0.7895,211,0.5117,145,0.7061,178,0.7264,241,0.7258,23,0.6425,187,1000,0.001000,2.000000,10
0.7895,211,0.5117,145,0.7061,178,0.7264,241,0.7258,23,0.6425,187,1000,0.001000,2.000000,15
0.7895,211,0.5117,145,0.7061,178,0.7264,241,0.7258,23,0.6425,187,1000,0.001000,2.000000,20
0.7895,211,0.5117,145,0.7061,178,0.7264,241,0.7258,23,0.6425,187,1000,0.010000,1.010000,5
0.7895,211,0.5117,145,0.7061,178,0.7264,241,0.7258,23,0.6425,187,1000,0.010000,1.010000,10
0.7895,211,0.5117,145,0.7061,178,0.7264,241,0.7258,23,0.6425,187,1000,0.010000,1.010000,15
0.7895,211,0.5117,145,0.7061,178,0.7264,241,0.7258,23,0.6425,187,1000,0.010000,1.010000,20
0.7895,211,0.5117,145,0.7061,178,0.7264,241,0.7258,23,0.6425,187,1000,0.010000,1.030000,5
0.7895,211,0.5117,145,0.7061,178,0.7264,241,0.7258,23,0.6425,187,1000,0.010000,1.030000,10
0.7895,211,0.5117,145,0.7061,178,0.7264,241,0.7258,23,0.6425,187,1000,0.010000,1.030000,15
0.7895,211,0.5117,145,0.7061,178,0.7264,241,0.7258,23,0.6425,187,1000,0.010000,1.030000,20
0.7895,211,0.5117,145,0.7061,178,0.7264,241,0.7258,23,0.6425,187,1000,0.010000,1.050000,5
0.7895,211,0.5117,145,0.7061,178,0.7264,241,0.7258,23,0.6425,187,1000,0.010000,1.050000,10
0.7895,211,0.5117,145,0.7061,178,0.7264,241,0.7258,23,0.6425,187,1000,0.010000,1.050000,15
0.7895,211,0.5117,145,0.7061,178,0.7264,241,0.7258,23,0.6425,187,1000,0.010000,1.050000,20
0.7895,211,0.5117,145,0.7061,178,0.7264,241,0.7258,23,0.6425,187,1000,0.010000,1.070000,5
0.7895,211,0.5117,145,0.7061,178,0.7264,241,0.7258,23,0.6425,187,1000,0.010000,1.070000,10
0.7895,211,0.5117,145,0.7061,178,0.7264,241,0.7258,23,0.6425,187,1000,0.010000,1.070000,15
0.7895,211,0.5117,145,0.7061,178,0.7264,241,0.7258,23,0.6425,187,1000,0.010000,1.070000,20
0.7895,211,0.5117,145,0.7061,178,0.7264,241,0.7258,23,0.6425,187,1000,0.010000,2.000000,5
0.7895,211,0.5117,145,0.7061,178,0.7264,241,0.7258,23,0.6425,187,1000,0.010000,2.000000,10
0.7895,211,0.5117,145,0.7061,178,0.7264,241,0.7258,23,0.6425,187,1000,0.010000,2.000000,15
0.7895,211,0.5117,145,0.7061,178,0.7264,241,0.7258,23,0.6425,187,1000,0.010000,2.000000,20
0.7895,211,0.5117,145,0.7061,178,0.7264,241,0.7258,23,0.6425,187,1000,0.100000,1.010000,5
0.7895,211,0.5117,145,0.7061,178,0.7264,241,0.7258,23,0.6425,187,1000,0.100000,1.010000,10
0.7895,211,0.5117,145,0.7061,178,0.7264,241,0.7258,23,0.6425,187,1000,0.100000,1.010000,15
0.7895,211,0.5117,145,0.7061,178,0.7264,241,0.7258,23,0.6425,187,1000,0.100000,1.010000,20
0.7895,211,0.5117,145,0.7061,178,0.7264,241,0.7258,23,0.6425,187,1000,0.100000,1.030000,5
0.7895,211,0.5117,145,0.7061,178,0.7264,241,0.7258,23,0.6425,187,1000,0.100000,1.030000,10
0.7895,211,0.5117,145,0.7061,178,0.7264,241,0.7258,23,0.6425,187,1000,0.100000,1.030000,15
0.7895,211,0.5117,145,0.7061,178,0.7264,241,0.7258,23,0.6425,187,1000,0.100000,1.030000,20
0.7895,211,0.5117,145,0.7061,178,0.7264,241,0.7258,23,0.6425,187,1000,0.100000,1.050000,5
0.7895,211,0.5117,145,0.7061,178,0.7264,241,0.7258,23,0.6425,187,1000,0.100000,1.050000,10
0.7895,211,0.5117,145,0.7061,178,0.7264,241,0.7258,23,0.6425,187,1000,0.100000,1.050000,15
0.7895,211,0.5117,145,0.7061,178,0.7264,241,0.7258,23,0.6425,187,1000,0.100000,1.050000,20
0.7895,211,0.5117,145,0.7061,178,0.7264,241,0.7258,23,0.6425,187,1000,0.100000,1.070000,5
0.7895,211,0.5117,145,0.7061,178,0.7264,241,0.7258,23,0.6425,187,1000,0.100000,1.070000,10
0.7895,211,0.5117,145,0.7061,178,0.7264,241,0.7258,23,0.6425,187,1000,0.100000,1.070000,15
0.7895,211,0.5117,145,0.7061,178,0.7264,241,0.7258,23,0.6425,187,1000,0.100000,1.070000,20
0.7895,211,0.5117,145,0.7061,178,0.7264,241,0.7258,23,0.6425,187,1000,0.100000,2.000000,5
0.7895,211,0.5117,145,0.7061,178,0.7264,241,0.7258,23,0.6425,187,1000,0.100000,2.000000,10
0.7895,211,0.5117,145,0.7061,178,0.7264,241,0.7258,23,0.6425,187,1000,0.100000,2.000000,15
0.7895,211,0.5117,145,0.7061,178,0.7264,241,0.7258,23,0.6425,187,1000,0.100000,2.000000,20
0.7895,211,0.5117,145,0.7061,178,0.7264,241,0.7258,23,0.6425,187,1000,1.000000,1.010000,5
0.7895,211,0.5117,145,0.7061,178,0.7264,241,0.7258,23,0.6425,187,1000,1.000000,1.010000,10
0.7895,211,0.5117,145,0.7061,178,0.7264,241,0.7258,23,0.6425,187,1000,1.000000,1.010000,15
0.7895,211,0.5117,145,0.7061,178,0.7264,241,0.7258,23,0.6425,187,1000,1.000000,1.010000,20
0.7895,211,0.5117,145,0.7061,178,0.7264,241,0.7258,23,0.6425,187,1000,1.000000,1.030000,5
0.7895,211,0.5117,145,0.7061,178,0.7264,241,0.7258,23,0.6425,187,1000,1.000000,1.030000,10
0.7895,211,0.5117,145,0.7061,178,0.7264,241,0.7258,23,0.6425,187,1000,1.000000,1.030000,15
0.7895,211,0.5117,145,0.7061,178,0.7264,241,0.7258,23,0.6425,187,1000,1.000000,1.030000,20
0.7895,211,0.5117,145,0.7061,178,0.7264,241,0.7258,23,0.6425,187,1000,1.000000,1.050000,5
0.7895,211,0.5117,145,0.7061,178,0.7264,241,0.7258,23,0.6425,187,1000,1.000000,1.050000,10
0.7895,211,0.5117,145,0.7061,178,0.7264,241,0.7258,23,0.6425,187,1000,1.000000,1.050000,15
0.7895,211,0.5117,145,0.7061,178,0.7264,241,0.7258,23,0.6425,187,1000,1.000000,1.050000,20
0.7895,211,0.5117,145,0.7061,178,0.7264,241,0.7258,23,0.6425,187,1000,1.000000,1.070000,5
0.7895,211,0.5117,145,0.7061,178,0.7264,241,0.7258,23,0.6425,187,1000,1.000000,1.070000,10
0.7895,211,0.5117,145,0.7061,178,0.7264,241,0.7258,23,0.6425,187,1000,1.000000,1.070000,15
0.7895,211,0.5117,145,0.7061,178,0.7264,241,0.7258,23,0.6425,187,1000,1.000000,1.070000,20
0.7895,211,0.5117,145,0.7061,178,0.7264,241,0.7258,23,0.6425,187,1000,1.000000,2.000000,5
0.7895,211,0.5117,145,0.7061,178,0.7264,241,0.7258,23,0.6425,187,1000,1.000000,2.000000,10
0.7895,211,0.5117,145,0.7061,178,0.7264,241,0.7258,23,0.6425,187,1000,1.000000,2.000000,15
0.7895,211,0.5117,145,0.7061,178,0.7264,241,0.7258,23,0.6425,187,1000,1.000000,2.000000,20
0.7868,21,0.5211,3,0.7000,47,0.7413,34,0.7222,8,0.6401,78,1000,10.000000,1.010000,5
0.7895,211,0.5117,145,0.7061,178,0.7264,241,0.7258,23,0.6425,187,1000,10.000000,1.010000,10
0.7895,211,0.5117,145,0.7061,178,0.7264,241,0.7258,23,0.6425,187,1000,10.000000,1.010000,15
0.7895,211,0.5117,145,0.7061,178,0.7264,241,0.7258,23,0.6425,187,1000,10.000000,1.010000,20
0.7836,48,0.5211,22,0.7122,17,0.7292,5,0.7239,22,0.6382,172,1000,10.000000,1.030000,5
0.7895,211,0.5117,145,0.7061,178,0.7264,241,0.7258,23,0.6425,187,1000,10.000000,1.030000,10
0.7895,211,0.5117,145,0.7061,178,0.7264,241,0.7258,23,0.6425,187,1000,10.000000,1.030000,15
0.7895,211,0.5117,145,0.7061,178,0.7264,241,0.7258,23,0.6425,187,1000,10.000000,1.030000,20
0.7882,56,0.5164,11,0.7143,70,0.7456,38,0.7228,202,0.6394,168,1000,10.000000,1.050000,5
0.7895,211,0.5117,145,0.7061,178,0.7264,241,0.7258,23,0.6425,187,1000,10.000000,1.050000,10
0.7895,211,0.5117,145,0.7061,178,0.7264,241,0.7258,23,0.6425,187,1000,10.000000,1.050000,15
0.7895,211,0.5117,145,0.7061,178,0.7264,241,0.7258,23,0.6425,187,1000,10.000000,1.050000,20
0.7961,32,0.5211,22,0.7163,46,0.7399,39,0.7219,33,0.6402,145,1000,10.000000,1.070000,5
0.7895,211,0.5117,145,0.7061,178,0.7264,241,0.7258,23,0.6425,187,1000,10.000000,1.070000,10
0.7895,211,0.5117,145,0.7061,178,0.7264,241,0.7258,23,0.6425,187,1000,10.000000,1.070000,15
0.7895,211,0.5117,145,0.7061,178,0.7264,241,0.7258,23,0.6425,187,1000,10.000000,1.070000,20
0.7868,25,0.5070,19,0.7082,63,0.7569,1,0.7222,186,0.6392,222,1000,10.000000,2.000000,5
0.7895,211,0.5117,145,0.7061,178,0.7264,241,0.7258,23,0.6425,187,1000,10.000000,2.000000,10
0.7895,211,0.5117,145,0.7061,178,0.7264,241,0.7258,23,0.6425,187,1000,10.000000,2.000000,15
0.7895,211,0.5117,145,0.7061,178,0.7264,241,0.7258,23,0.6425,187,1000,10.000000,2.000000,20
0.7855,44,0.5117,1,0.7082,57,0.7271,30,0.7191,26,0.6346,169,1000,100.000000,1.010000,5
0.7895,211,0.5117,145,0.7061,178,0.7264,241,0.7258,23,0.6425,187,1000,100.000000,1.010000,10
0.7895,211,0.5117,145,0.7061,178,0.7264,241,0.7258,23,0.6425,187,1000,100.000000,1.010000,15
0.7895,211,0.5117,145,0.7061,178,0.7264,241,0.7258,23,0.6425,187,1000,100.000000,1.010000,20
0.7809,118,0.5211,20,0.6980,73,0.7249,61,0.7250,23,0.6348,109,1000,100.000000,1.030000,5
0.7895,211,0.5117,145,0.7061,178,0.7264,241,0.7258,23,0.6425,187,1000,100.000000,1.030000,10
0.7895,211,0.5117,145,0.7061,178,0.7264,241,0.7258,23,0.6425,187,1000,100.000000,1.030000,15
0.7895,211,0.5117,145,0.7061,178,0.7264,241,0.7258,23,0.6425,187,1000,100.000000,1.030000,20
0.7928,58,0.5211,16,0.6980,67,0.7299,37,0.7250,23,0.6320,171,1000,100.000000,1.050000,5
0.7895,211,0.5117,145,0.7061,178,0.7264,241,0.7258,23,0.6425,187,1000,100.000000,1.050000,10
0.7895,211,0.5117,145,0.7061,178,0.7264,241,0.7258,23,0.6425,187,1000,100.000000,1.050000,15
0.7895,211,0.5117,145,0.7061,178,0.7264,241,0.7258,23,0.6425,187,1000,100.000000,1.050000,20
0.7842,49,0.5211,6,0.7041,26,0.7292,102,0.7230,42,0.6325,152,1000,100.000000,1.070000,5
0.7895,211,0.5117,145,0.7061,178,0.7264,241,0.7258,23,0.6425,187,1000,100.000000,1.070000,10
0.7895,211,0.5117,145,0.7061,178,0.7264,241,0.7258,23,0.6425,187,1000,100.000000,1.070000,15
0.7895,211,0.5117,145,0.7061,178,0.7264,241,0.7258,23,0.6425,187,1000,100.000000,1.070000,20
0.7888,42,0.5258,16,0.7000,18,0.7249,58,0.7267,29,0.6352,122,1000,100.000000,2.000000,5
0.7895,211,0.5117,145,0.7061,178,0.7264,241,0.7258,23,0.6425,187,1000,100.000000,2.000000,10
0.7895,211,0.5117,145,0.7061,178,0.7264,241,0.7258,23,0.6425,187,1000,100.000000,2.000000,15
0.7895,211,0.5117,145,0.7061,178,0.7264,241,0.7258,23,0.6425,187,1000,100.000000,2.000000,20
0.7829,13,0.5164,9,0.6959,61,0.7200,138,0.7222,25,0.6374,52,1000,1000.000000,1.010000,5
0.7895,211,0.5117,145,0.7061,178,0.7264,241,0.7258,23,0.6425,187,1000,1000.000000,1.010000,10
0.7895,211,0.5117,145,0.7061,178,0.7264,241,0.7258,23,0.6425,187,1000,1000.000000,1.010000,15
0.7895,211,0.5117,145,0.7061,178,0.7264,241,0.7258,23,0.6425,187,1000,1000.000000,1.010000,20
0.7862,17,0.5117,12,0.7082,17,0.7235,85,0.7219,35,0.6411,81,1000,1000.000000,1.030000,5
0.7895,211,0.5117,145,0.7061,178,0.7264,241,0.7258,23,0.6425,187,1000,1000.000000,1.030000,10
0.7895,211,0.5117,145,0.7061,178,0.7264,241,0.7258,23,0.6425,187,1000,1000.000000,1.030000,15
0.7895,211,0.5117,145,0.7061,178,0.7264,241,0.7258,23,0.6425,187,1000,1000.000000,1.030000,20
0.7908,71,0.5211,15,0.7061,75,0.7178,173,0.7219,63,0.6351,171,1000,1000.000000,1.050000,5
0.7895,211,0.5117,145,0.7061,178,0.7264,241,0.7258,23,0.6425,187,1000,1000.000000,1.050000,10
0.7895,211,0.5117,145,0.7061,178,0.7264,241,0.7258,23,0.6425,187,1000,1000.000000,1.050000,15
0.7895,211,0.5117,145,0.7061,178,0.7264,241,0.7258,23,0.6425,187,1000,1000.000000,1.050000,20
0.7842,66,0.5258,18,0.7000,75,0.7221,100,0.7253,62,0.6369,76,1000,1000.000000,1.070000,5
0.7895,211,0.5117,145,0.7061,178,0.7264,241,0.7258,23,0.6425,187,1000,1000.000000,1.070000,10
0.7895,211,0.5117,145,0.7061,178,0.7264,241,0.7258,23,0.6425,187,1000,1000.000000,1.070000,15
0.7895,211,0.5117,145,0.7061,178,0.7264,241,0.7258,23,0.6425,187,1000,1000.000000,1.070000,20
0.7789,135,0.5117,18,0.7000,89,0.7242,19,0.7211,54,0.6363,56,1000,1000.000000,2.000000,5
0.7895,211,0.5117,145,0.7061,178,0.7264,241,0.7258,23,0.6425,187,1000,1000.000000,2.000000,10
0.7895,211,0.5117,145,0.7061,178,0.7264,241,0.7258,23,0.6425,187,1000,1000.000000,2.000000,15
0.7895,211,0.5117,145,0.7061,178,0.7264,241,0.7258,23,0.6425,187,1000,1000.000000,2.000000,20
0.7895,211,0.5117,145,0.7061,178,0.7264,241,0.7258,23,0.6425,187,10000,0.001000,1.010000,5
0.7895,211,0.5117,145,0.7061,178,0.7264,241,0.7258,23,0.6425,187,10000,0.001000,1.010000,10
0.7895,211,0.5117,145,0.7061,178,0.7264,241,0.7258,23,0.6425,187,10000,0.001000,1.010000,15
0.7895,211,0.5117,145,0.7061,178,0.7264,241,0.7258,23,0.6425,187,10000,0.001000,1.010000,20
0.7895,211,0.5117,145,0.7061,178,0.7264,241,0.7258,23,0.6425,187,10000,0.001000,1.030000,5
0.7895,211,0.5117,145,0.7061,178,0.7264,241,0.7258,23,0.6425,187,10000,0.001000,1.030000,10
0.7895,211,0.5117,145,0.7061,178,0.7264,241,0.7258,23,0.6425,187,10000,0.001000,1.030000,15
0.7895,211,0.5117,145,0.7061,178,0.7264,241,0.7258,23,0.6425,187,10000,0.001000,1.030000,20
0.7895,211,0.5117,145,0.7061,178,0.7264,241,0.7258,23,0.6425,187,10000,0.001000,1.050000,5
0.7895,211,0.5117,145,0.7061,178,0.7264,241,0.7258,23,0.6425,187,10000,0.001000,1.050000,10
0.7895,211,0.5117,145,0.7061,178,0.7264,241,0.7258,23,0.6425,187,10000,0.001000,1.050000,15
0.7895,211,0.5117,145,0.7061,178,0.7264,241,0.7258,23,0.6425,187,10000,0.001000,1.050000,20
0.7895,211,0.5117,145,0.7061,178,0.7264,241,0.7258,23,0.6425,187,10000,0.001000,1.070000,5
0.7895,211,0.5117,145,0.7061,178,0.7264,241,0.7258,23,0.6425,187,10000,0.001000,1.070000,10
0.7895,211,0.5117,145,0.7061,178,0.7264,241,0.7258,23,0.6425,187,10000,0.001000,1.070000,15
0.7895,211,0.5117,145,0.7061,178,0.7264,241,0.7258,23,0.6425,187,10000,0.001000,1.070000,20
0.7895,211,0.5117,145,0.7061,178,0.7264,241,0.7258,23,0.6425,187,10000,0.001000,2.000000,5
0.7895,211,0.5117,145,0.7061,178,0.7264,241,0.7258,23,0.6425,187,10000,0.001000,2.000000,10
0.7895,211,0.5117,145,0.7061,178,0.7264,241,0.7258,23,0.6425,187,10000,0.001000,2.000000,15
0.7895,211,0.5117,145,0.7061,178,0.7264,241,0.7258,23,0.6425,187,10000,0.001000,2.000000,20
0.7895,211,0.5117,145,0.7061,178,0.7264,241,0.7258,23,0.6425,187,10000,0.010000,1.010000,5
0.7895,211,0.5117,145,0.7061,178,0.7264,241,0.7258,23,0.6425,187,10000,0.010000,1.010000,10
0.7895,211,0.5117,145,0.7061,178,0.7264,241,0.7258,23,0.6425,187,10000,0.010000,1.010000,15
0.7895,211,0.5117,145,0.7061,178,0.7264,241,0.7258,23,0.6425,187,10000,0.010000,1.010000,20
0.7895,211,0.5117,145,0.7061,178,0.7264,241,0.7258,23,0.6425,187,10000,0.010000,1.030000,5
0.7895,211,0.5117,145,0.7061,178,0.7264,241,0.7258,23,0.6425,187,10000,0.010000,1.030000,10
0.7895,211,0.5117,145,0.7061,178,0.7264,241,0.7258,23,0.6425,187,10000,0.010000,1.030000,15
0.7895,211,0.5117,145,0.7061,178,0.7264,241,0.7258,23,0.6425,187,10000,0.010000,1.030000,20
0.7895,211,0.5117,145,0.7061,178,0.7264,241,0.7258,23,0.6425,187,10000,0.010000,1.050000,5
0.7895,211,0.5117,145,0.7061,178,0.7264,241,0.7258,23,0.6425,187,10000,0.010000,1.050000,10
0.7895,211,0.5117,145,0.7061,178,0.7264,241,0.7258,23,0.6425,187,10000,0.010000,1.050000,15
0.7895,211,0.5117,145,0.7061,178,0.7264,241,0.7258,23,0.6425,187,10000,0.010000,1.050000,20
0.7895,211,0.5117,145,0.7061,178,0.7264,241,0.7258,23,0.6425,187,10000,0.010000,1.070000,5
0.7895,211,0.5117,145,0.7061,178,0.7264,241,0.7258,23,0.6425,187,10000,0.010000,1.070000,10
0.7895,211,0.5117,145,0.7061,178,0.7264,241,0.7258,23,0.6425,187,10000,0.010000,1.070000,15
0.7895,211,0.5117,145,0.7061,178,0.7264,241,0.7258,23,0.6425,187,10000,0.010000,1.070000,20
0.7895,211,0.5117,145,0.7061,178,0.7264,241,0.7258,23,0.6425,187,10000,0.010000,2.000000,5
0.7895,211,0.5117,145,0.7061,178,0.7264,241,0.7258,23,0.6425,187,10000,0.010000,2.000000,10
0.7895,211,0.5117,145,0.7061,178,0.7264,241,0.7258,23,0.6425,187,10000,0.010000,2.000000,15
0.7895,211,0.5117,145,0.7061,178,0.7264,241,0.7258,23,0.6425,187,10000,0.010000,2.000000,20
0.7895,211,0.5117,145,0.7061,178,0.7264,241,0.7258,23,0.6425,187,10000,0.100000,1.010000,5
0.7895,211,0.5117,145,0.7061,178,0.7264,241,0.7258,23,0.6425,187,10000,0.100000,1.010000,10
0.7895,211,0.5117,145,0.7061,178,0.7264,241,0.7258,23,0.6425,187,10000,0.100000,1.010000,15
0.7895,211,0.5117,145,0.7061,178,0.7264,241,0.7258,23,0.6425,187,10000,0.100000,1.010000,20
0.7895,211,0.5117,145,0.7061,178,0.7264,241,0.7258,23,0.6425,187,10000,0.100000,1.030000,5
0.7895,211,0.5117,145,0.7061,178,0.7264,241,0.7258,23,0.6425,187,10000,0.100000,1.030000,10
0.7895,211,0.5117,145,0.7061,178,0.7264,241,0.7258,23,0.6425,187,10000,0.100000,1.030000,15
0.7895,211,0.5117,145,0.7061,178,0.7264,241,0.7258,23,0.6425,187,10000,0.100000,1.030000,20
0.7895,211,0.5117,145,0.7061,178,0.7264,241,0.7258,23,0.6425,187,10000,0.100000,1.050000,5
0.7895,211,0.5117,145,0.7061,178,0.7264,241,0.7258,23,0.6425,187,10000,0.100000,1.050000,10
0.7895,211,0.5117,145,0.7061,178,0.7264,241,0.7258,23,0.6425,187,10000,0.100000,1.050000,15
0.7895,211,0.5117,145,0.7061,178,0.7264,241,0.7258,23,0.6425,187,10000,0.100000,1.050000,20
0.7895,211,0.5117,145,0.7061,178,0.7264,241,0.7258,23,0.6425,187,10000,0.100000,1.070000,5
0.7895,211,0.5117,145,0.7061,178,0.7264,241,0.7258,23,0.6425,187,10000,0.100000,1.070000,10
0.7895,211,0.5117,145,0.7061,178,0.7264,241,0.7258,23,0.6425,187,10000,0.100000,1.070000,15
0.7895,211,0.5117,145,0.7061,178,0.7264,241,0.7258,23,0.6425,187,10000,0.100000,1.070000,20
0.7895,211,0.5117,145,0.7061,178,0.7264,241,0.7258,23,0.6425,187,10000,0.100000,2.000000,5
0.7895,211,0.5117,145,0.7061,178,0.7264,241,0.7258,23,0.6425,187,10000,0.100000,2.000000,10
0.7895,211,0.5117,145,0.7061,178,0.7264,241,0.7258,23,0.6425,187,10000,0.100000,2.000000,15
0.7895,211,0.5117,145,0.7061,178,0.7264,241,0.7258,23,0.6425,187,10000,0.100000,2.000000,20
0.7895,211,0.5117,145,0.7061,178,0.7264,241,0.7258,23,0.6425,187,10000,1.000000,1.010000,5
0.7895,211,0.5117,145,0.7061,178,0.7264,241,0.7258,23,0.6425,187,10000,1.000000,1.010000,10
0.7895,211,0.5117,145,0.7061,178,0.7264,241,0.7258,23,0.6425,187,10000,1.000000,1.010000,15
0.7895,211,0.5117,145,0.7061,178,0.7264,241,0.7258,23,0.6425,187,10000,1.000000,1.010000,20
0.7895,211,0.5117,145,0.7061,178,0.7264,241,0.7258,23,0.6425,187,10000,1.000000,1.030000,5
0.7895,211,0.5117,145,0.7061,178,0.7264,241,0.7258,23,0.6425,187,10000,1.000000,1.030000,10
0.7895,211,0.5117,145,0.7061,178,0.7264,241,0.7258,23,0.6425,187,10000,1.000000,1.030000,15
0.7895,211,0.5117,145,0.7061,178,0.7264,241,0.7258,23,0.6425,187,10000,1.000000,1.030000,20
0.7895,211,0.5117,145,0.7061,178,0.7264,241,0.7258,23,0.6425,187,10000,1.000000,1.050000,5
0.7895,211,0.5117,145,0.7061,178,0.7264,241,0.7258,23,0.6425,187,10000,1.000000,1.050000,10
0.7895,211,0.5117,145,0.7061,178,0.7264,241,0.7258,23,0.6425,187,10000,1.000000,1.050000,15
0.7895,211,0.5117,145,0.7061,178,0.7264,241,0.7258,23,0.6425,187,10000,1.000000,1.050000,20
0.7895,211,0.5117,145,0.7061,178,0.7264,241,0.7258,23,0.6425,187,10000,1.000000,1.070000,5
0.7895,211,0.5117,145,0.7061,178,0.7264,241,0.7258,23,0.6425,187,10000,1.000000,1.070000,10
0.7895,211,0.5117,145,0.7061,178,0.7264,241,0.7258,23,0.6425,187,10000,1.000000,1.070000,15
0.7895,211,0.5117,145,0.7061,178,0.7264,241,0.7258,23,0.6425,187,10000,1.000000,1.070000,20
0.7895,211,0.5117,145,0.7061,178,0.7264,241,0.7258,23,0.6425,187,10000,1.000000,2.000000,5
0.7895,211,0.5117,145,0.7061,178,0.7264,241,0.7258,23,0.6425,187,10000,1.000000,2.000000,10
0.7895,211,0.5117,145,0.7061,178,0.7264,241,0.7258,23,0.6425,187,10000,1.000000,2.000000,15
0.7895,211,0.5117,145,0.7061,178,0.7264,241,0.7258,23,0.6425,187,10000,1.000000,2.000000,20
0.7895,211,0.5117,145,0.7061,178,0.7264,241,0.7258,23,0.6425,187,10000,10.000000,1.010000,5
0.7895,211,0.5117,145,0.7061,178,0.7264,241,0.7258,23,0.6425,187,10000,10.000000,1.010000,10
0.7895,211,0.5117,145,0.7061,178,0.7264,241,0.7258,23,0.6425,187,10000,10.000000,1.010000,15
0.7895,211,0.5117,145,0.7061,178,0.7264,241,0.7258,23,0.6425,187,10000,10.000000,1.010000,20
0.7895,211,0.5117,145,0.7061,178,0.7264,241,0.7258,23,0.6425,187,10000,10.000000,1.030000,5
0.7895,211,0.5117,145,0.7061,178,0.7264,241,0.7258,23,0.6425,187,10000,10.000000,1.030000,10
0.7895,211,0.5117,145,0.7061,178,0.7264,241,0.7258,23,0.6425,187,10000,10.000000,1.030000,15
0.7895,211,0.5117,145,0.7061,178,0.7264,241,0.7258,23,0.6425,187,10000,10.000000,1.030000,20
0.7895,211,0.5117,145,0.7061,178,0.7264,241,0.7258,23,0.6425,187,10000,10.000000,1.050000,5
0.7895,211,0.5117,145,0.7061,178,0.7264,241,0.7258,23,0.6425,187,10000,10.000000,1.050000,10
0.7895,211,0.5117,145,0.7061,178,0.7264,241,0.7258,23,0.6425,187,10000,10.000000,1.050000,15
0.7895,211,0.5117,145,0.7061,178,0.7264,241,0.7258,23,0.6425,187,10000,10.000000,1.050000,20
0.7895,211,0.5117,145,0.7061,178,0.7264,241,0.7258,23,0.6425,187,10000,10.000000,1.070000,5
0.7895,211,0.5117,145,0.7061,178,0.7264,241,0.7258,23,0.6425,187,10000,10.000000,1.070000,10
0.7895,211,0.5117,145,0.7061,178,0.7264,241,0.7258,23,0.6425,187,10000,10.000000,1.070000,15
0.7895,211,0.5117,145,0.7061,178,0.7264,241,0.7258,23,0.6425,187,10000,10.000000,1.070000,20
0.7895,211,0.5117,145,0.7061,178,0.7264,241,0.7258,23,0.6425,187,10000,10.000000,2.000000,5
0.7895,211,0.5117,145,0.7061,178,0.7264,241,0.7258,23,0.6425,187,10000,10.000000,2.000000,10
0.7895,211,0.5117,145,0.7061,178,0.7264,241,0.7258,23,0.6425,187,10000,10.000000,2.000000,15
0.7895,211,0.5117,145,0.7061,178,0.7264,241,0.7258,23,0.6425,187,10000,10.000000,2.000000,20
0.7895,211,0.5117,145,0.7061,178,0.7264,241,0.7258,23,0.6425,187,10000,100.000000,1.010000,5
0.7895,211,0.5117,145,0.7061,178,0.7264,241,0.7258,23,0.6425,187,10000,100.000000,1.010000,10
0.7895,211,0.5117,145,0.7061,178,0.7264,241,0.7258,23,0.6425,187,10000,100.000000,1.010000,15
0.7895,211,0.5117,145,0.7061,178,0.7264,241,0.7258,23,0.6425,187,10000,100.000000,1.010000,20
0.7895,211,0.5117,145,0.7061,178,0.7264,241,0.7258,23,0.6425,187,10000,100.000000,1.030000,5
0.7895,211,0.5117,145,0.7061,178,0.7264,241,0.7258,23,0.6425,187,10000,100.000000,1.030000,10
0.7895,211,0.5117,145,0.7061,178,0.7264,241,0.7258,23,0.6425,187,10000,100.000000,1.030000,15
0.7895,211,0.5117,145,0.7061,178,0.7264,241,0.7258,23,0.6425,187,10000,100.000000,1.030000,20
0.7895,211,0.5117,145,0.7061,178,0.7264,241,0.7258,23,0.6425,187,10000,100.000000,1.050000,5
0.7895,211,0.5117,145,0.7061,178,0.7264,241,0.7258,23,0.6425,187,10000,100.000000,1.050000,10
0.7895,211,0.5117,145,0.7061,178,0.7264,241,0.7258,23,0.6425,187,10000,100.000000,1.050000,15
0.7895,211,0.5117,145,0.7061,178,0.7264,241,0.7258,23,0.6425,187,10000,100.000000,1.050000,20
0.7895,211,0.5117,145,0.7061,178,0.7264,241,0.7258,23,0.6425,187,10000,100.000000,1.070000,5
0.7895,211,0.5117,145,0.7061,178,0.7264,241,0.7258,23,0.6425,187,10000,100.000000,1.070000,10
0.7895,211,0.5117,145,0.7061,178,0.7264,241,0.7258,23,0.6425,187,10000,100.000000,1.070000,15
0.7895,211,0.5117,145,0.7061,178,0.7264,241,0.7258,23,0.6425,187,10000,100.000000,1.070000,20
0.7895,211,0.5117,145,0.7061,178,0.7264,241,0.7258,23,0.6425,187,10000,100.000000,2.000000,5
0.7895,211,0.5117,145,0.7061,178,0.7264,241,0.7258,23,0.6425,187,10000,100.000000,2.000000,10
0.7895,211,0.5117,145,0.7061,178,0.7264,241,0.7258,23,0.6425,187,10000,100.000000,2.000000,15
0.7895,211,0.5117,145,0.7061,178,0.7264,241,0.7258,23,0.6425,187,10000,100.000000,2.000000,20
0.7895,211,0.5117,145,0.7061,178,0.7264,241,0.7258,23,0.6425,187,10000,1000.000000,1.010000,5
0.7895,211,0.5117,145,0.7061,178,0.7264,241,0.7258,23,0.6425,187,10000,1000.000000,1.010000,10
0.7895,211,0.5117,145,0.7061,178,0.7264,241,0.7258,23,0.6425,187,10000,1000.000000,1.010000,15
0.7895,211,0.5117,145,0.7061,178,0.7264,241,0.7258,23,0.6425,187,10000,1000.000000,1.010000,20
0.7895,211,0.5117,145,0.7061,178,0.7264,241,0.7258,23,0.6425,187,10000,1000.000000,1.030000,5
0.7895,211,0.5117,145,0.7061,178,0.7264,241,0.7258,23,0.6425,187,10000,1000.000000,1.030000,10
0.7895,211,0.5117,145,0.7061,178,0.7264,241,0.7258,23,0.6425,187,10000,1000.000000,1.030000,15
0.7895,211,0.5117,145,0.7061,178,0.7264,241,0.7258,23,0.6425,187,10000,1000.000000,1.030000,20
0.7895,211,0.5117,145,0.7061,178,0.7264,241,0.7258,23,0.6425,187,10000,1000.000000,1.050000,5
0.7895,211,0.5117,145,0.7061,178,0.7264,241,0.7258,23,0.6425,187,10000,1000.000000,1.050000,10
0.7895,211,0.5117,145,0.7061,178,0.7264,241,0.7258,23,0.6425,187,10000,1000.000000,1.050000,15
0.7895,211,0.5117,145,0.7061,178,0.7264,241,0.7258,23,0.6425,187,10000,1000.000000,1.050000,20
0.7895,211,0.5117,145,0.7061,178,0.7264,241,0.7258,23,0.6425,187,10000,1000.000000,1.070000,5
0.7895,211,0.5117,145,0.7061,178,0.7264,241,0.7258,23,0.6425,187,10000,1000.000000,1.070000,10
0.7895,211,0.5117,145,0.7061,178,0.7264,241,0.7258,23,0.6425,187,10000,1000.000000,1.070000,15
0.7895,211,0.5117,145,0.7061,178,0.7264,241,0.7258,23,0.6425,187,10000,1000.000000,1.070000,20
0.7895,211,0.5117,145,0.7061,178,0.7264,241,0.7258,23,0.6425,187,10000,1000.000000,2.000000,5
0.7895,211,0.5117,145,0.7061,178,0.7264,241,0.7258,23,0.6425,187,10000,1000.000000,2.000000,10
0.7895,211,0.5117,145,0.7061,178,0.7264,241,0.7258,23,0.6425,187,10000,1000.000000,2.000000,15
0.7895,211,0.5117,145,0.7061,178,0.7264,241,0.7258,23,0.6425,187,10000,1000.000000,2.000000,20
